{
    "comparison_date": "2026-01-08T10:31:52.784946",
    "period": "2025 Full Year Rolling Forecast",
    "chronos_performance": {
        "mae": 19.66394609530767,
        "mape": 2577131.202543215,
        "rmse": 31.406061200938808,
        "total_predictions": 8736
    },
    "kronos_performance": {
        "mae": 46.023538035211104,
        "mape": 8275823.063703976,
        "rmse": 63.81568137886761,
        "total_predictions": 8736
    },
    "relative_performance": {
        "mae_improvement_pct": 57.27415375961877,
        "rmse_improvement_pct": 50.78629496332724,
        "mape_improvement_pct": 68.85951786661593
    },
    "daily_comparison": {
        "total_common_days": 364,
        "chronos_wins": 345,
        "kronos_wins": 19
    }
}